S.No,Sample Name,Sample Mail-ID,Receiver Name,Recevier Mail-ID,ID,Signin Email,Signin Password
,Sharmi,Sharmics15@gmail.com,Sharmi,Sharmics15@gmail.com,Vedicfolks<sangeethashivaraman89@gmail.com>,sangeethashivaraman89@gmail.com,sairam31
,be,be15121995@gmail.com,be,be15121995@gmail.com,Vedicfolks<rojasanthosh100@gmail.com>,rojasanthosh100@gmail.com,vedicfolks123
,Deepa,deepa@templefolks.com,Deepa,deepa@templefolks.com,Vedifolks<karthikakrishnan003@gmail.com>,karthikakrishnan003@gmail.com,vedicfolks123
,Swathi,swathiarun108@gmail.com,Swathi,swathiarun108@gmail.com,Vedicfolks<ushakrishnan100@gmail.com>,ushakrishnan100@gmail.com,vedicfolks123
,Priya,priyagowtham3657@gmail.com,Priya,priyagowtham3657@gmail.com,Vedicfolks<keerthanasuresh500@gmail.com>,keerthanasuresh500@gmail.com,vedicfolks123
,Lakshmi,lakshmipooja032@gmail.com,Lakshmi,lakshmipooja032@gmail.com,Vedicfolks<anuarun7188@gmail.com>,anuarun7188@gmail.com,VEDICFOLKS123
,Kavitha,kavithasaravanan100@gmail.com,Kavitha,kavithasaravanan100@gmail.com,Vedicfolks<divyavarun108@gmail.com>,divyavarun108@gmail.com,sairam31
,Muthu,muthuramanmr153@gmail.com,Muthu,muthuramanmr153@gmail.com,Vedicfolks<sangeethashivaraman89@gmail.com>,sangeethashivaraman89@gmail.com,sairam31
,Sharmibe,sharmibe2017@gmail.com,Sharmibe,sharmibe2017@gmail.com,Vedicfolks<barathharish123@gmail.com>,barathharish123@gmail.com,vickramveda
,Raghu,raghu@templefolks.com,Raghu,raghu@templefolks.com,Vedicfolks<lakshmipooja032@gmail.com>,lakshmipooja032@gmail.com,VEDICFOLKS123
,,,,,Vedicfolks<suryakumarc07@gmail.com>,suryakumarc07@gmail.com,vedicfolks123
,,,,,Vedicfolks<vishalkaran23@gmail.com>,vishalkaran23@gmail.com,vedicfolks321
